Monke,4
monke69420,1
Xx_GayMonke_xX,2
BananaSwallower,2
hippityhop,2
King of the Swingers,1
Jungle V.I.P.,1
chimp,4
chimpin,2
chimping,1
Ape,4
GorillA,2
Donkey Kong,3
funky kong,2
King Kong,2
Cercopithecidae,1
red,1
mmmonke,2
monkeee,2
mogchamp,1
L9 TURBO DOINB,1
WWWWWWWWWWWWWWWQWWWWWWWW,1
II1IIIllll1lIIII,1
/Greatsoup\YT,2
nul00000000YT,2
K_a_t_y,2
Emily,1
Joe,1
Michael,1
Jsoh,1
Jose.Gonzalez.2004,1
Yonkah,1
Sus,2
Imposter,2
Impostor,1
The Monke,3
FaZe_Monke,2
湿屁股柯密特,1
페이 커 온 나,1
Жесткий бас,1
simp,3
you,2
me,2
Wanna team,3
Wiggle for team,2
team?,2
Biden,2
Trump,2
Stalin,1
FTP BTW,2
Hull House,1
Malcy X,1
Schmitty,2
Schmatty,1
KFC,1
Colonel Sanders,2
Shrek,1
Putin,3
dog water,2
Ultra Kitty,1
skibidi bop mm dada,1
Noob,1
N00b,1
Borona13,1
Borona14,1
Borona15,1
Borona16,1
Borona1,1
Borona,1
BoneChicken13,1
BestMiCasa,1
Warrior_Fighter_65,1
God_King540,2
White Knight,2
Black Knight,2
egirl,2
eboy,2
skull monke,2
party monke,2
inverse monke,2
Jax,1
Yasuo,1
the sus virus,1
Nakiri Ayame,1
plague doctor,1
Xx_Godd_xX,2
unexpected monke,1
Monke Art Online,1
EpicXBOXPlayer25,1
John_Lee,2
LightningCat729,1
BoeJiden,3
TonaldDrump,3
OrackMobamba,2
BeorgeWHGush,1
CillBlinton,1
uwu,2
owo,2
Big Chungus,2
Rawr XD,2
Bus_driver49,1
StrounterCrikeGO,1
Xx_Bloxxxmaster_xX,2
GamingGal99,1
NekoNekoNeko,1
毛主席语录,2
Habibi99,2
222222,1
Cr1tikal,2
177013,1
228922,1
WideHardo,2
Pepega,2
ScrubNoob,2
Undefined,1
Gamer Monke,3
John_Lee’s_Pillar,1
Username,3
( ͡° ͜ʖ ͡°),1
Bismallah-al-Rahim,1
↑↑↓↓←→←→BAstart,1
Hideo_Kojima,1
Dream_team,2
Morgz,2
Durv,1
Exility,1
JayStation,1
Lispy_Jimmy,1
Stable_Wifi,1
For10ute,1
Haram,2
Mario,2
Luigi,2
Waluigi,1
Luigi_board,1
Hellhound,1
Space_Monke,3
Monkey,1
Impasta_Aldente,1
*Nuzzles*,1
Dame_Tu_Cosita,2
Rick Astley,2
Cooooooomer,1
Ben_Shapiro,2
Moisty_Mire,1
Twisted_Treeline,1
Golden_Scar,1
GamEr_GranDpa,1
Otokonoko,1
🅱eter,1
eat-the-rich,1
jeff_bezos,1
Emo4life,1
kizuna_ai,1
jungkook,2
kisskissfallinlove,1
thunderwaffle,1
lol,3
boss,2
kawaii,2
BERZERK,1
vvvvv,1
retard,2
hewo,1
bruh,2
beewoowoo,1
fnaf_fan,1
Chad,2
yeet,2
im-cracked-my-guy,1
Valkyrie,1
𝓱𝓪𝓲𝓵𝓮𝔂,2
🍪🍟  爪ａŘ𝓲𝕊𝐚  💞★,1
⛵♟  ςØŁ𝒶-𝓑เᵗ  🐍😎,1
no teaming,2
(っ◔◡◔)っ ♥ mel ♥,1
$$$,2
㊋㊐,1
𝖊𝖓𝖉𝖔𝖋𝖙𝖍𝖊𝖑𝖎𝖓𝖊,1
h♥o♥g♥w♥a♥r♥t♥s♥s♥o♥r♥t♥i♥n♥g♥h♥a♥t,1
`  🎀  𝒿𝓊𝓁𝒾𝒶  🎀  `,1
GoldrAe,1
kurdt,1
Pro-death,1
Player,2
Awesome,1
botsita,1
Lame,2
Tesla-model-s,1
TAGIKISTAN,1
Nate,1
Hero:),1
team-A,2
The-Lord,1
REKT,2
hii,3
killerclown,1
@@@@,2
#####,1
Killer Bean,1
unnamed,2
w̷̧̛̻̝͖̤̰̲̹̭͋̄̊̊̓͋̔̀̕a̴̭̭̙̱͔̽̀̍̈́͊͘͘h̵̞͈̰̙̻͉͚͍̳̀̀̏̌͐́̈́,1
ʐɨɮɛռֆ,1
pewdiepie,2
✌︎☪︎⚐︎☼︎👌︎✋︎👍︎✌︎☠︎📫︎✡︎⚐︎,1
D͓̽A͓̽R͓̽K͓̽-D͓̽R͓̽A͓̽G͓̽O͓̽N͓̽,1
Naruto-Uzimaki,1
𝕄𝕚𝕟𝕒,1
☟💛  ᗪŘ_Ⓓ❸άᵗĦ  💀♬,1
Bananaman796,1
ShouldBdoingHW,1
[̲̅g][̲̅a][̲̅n][̲̅g][̲̅s][̲̅t][̲̅a],1
ₐᵤdᵣₑy,1
🅱🅰🅱🆈,2
XI˥∀W  ᴚ∀,1
im-killing-now,1
Persona-Joker<333,1
≋L≋u≋n≋a≋,1
BaseballFury,1
Yup,2
bob,2